-- ex07 통합 에이전트 설계 - PostgreSQL 스키마 및 샘플 데이터
-- 실행: docker-compose up -d (자동 초기화)
-- 또는: psql -U rag_user -d rag_db -f data/schema.sql

-- 1. 직원 테이블
CREATE TABLE IF NOT EXISTS employees (
    emp_no      VARCHAR(10)  PRIMARY KEY,
    name        VARCHAR(50)  NOT NULL,
    department  VARCHAR(50)  NOT NULL,
    position    VARCHAR(30)  NOT NULL,
    hire_date   DATE         NOT NULL
);

-- 2. 연차 잔여 테이블
CREATE TABLE IF NOT EXISTS leave_balance (
    emp_no      VARCHAR(10)  PRIMARY KEY REFERENCES employees(emp_no),
    total_days  INT          NOT NULL DEFAULT 15,
    used_days   INT          NOT NULL DEFAULT 0,
    year        INT          NOT NULL DEFAULT 2024
);

-- 3. 매출 테이블
CREATE TABLE IF NOT EXISTS sales (
    id          SERIAL       PRIMARY KEY,
    emp_no      VARCHAR(10)  NOT NULL REFERENCES employees(emp_no),
    amount      BIGINT       NOT NULL,
    sale_date   DATE         NOT NULL,
    description VARCHAR(200)
);

-- ============================================================
-- 샘플 데이터
-- ============================================================

-- 직원 (10명, 5개 부서)
INSERT INTO employees (emp_no, name, department, position, hire_date) VALUES
    ('E001', '김민준', '영업부',    '과장', '2020-03-02'),
    ('E002', '이서연', '인사부',    '대리', '2021-07-15'),
    ('E003', '박도윤', '개발부',    '선임', '2019-01-08'),
    ('E004', '최아린', '마케팅부',  '주임', '2022-04-11'),
    ('E005', '정시우', '영업부',    '사원', '2023-09-01'),
    ('E006', '한지우', '개발부',    '팀장', '2017-06-20'),
    ('E007', '오수민', '인사부',    '팀장', '2016-02-14'),
    ('E008', '윤재원', '마케팅부',  '과장', '2018-11-30'),
    ('E009', '임나연', '영업부',    '대리', '2020-08-17'),
    ('E010', '강준호', '개발부',    '사원', '2024-01-02')
ON CONFLICT (emp_no) DO NOTHING;

-- 연차 잔여 (10명)
INSERT INTO leave_balance (emp_no, total_days, used_days, year) VALUES
    ('E001', 15,  7, 2024),
    ('E002', 15,  3, 2024),
    ('E003', 15, 10, 2024),
    ('E004', 15,  5, 2024),
    ('E005', 15, 12, 2024),
    ('E006', 20,  8, 2024),
    ('E007', 20,  6, 2024),
    ('E008', 15,  9, 2024),
    ('E009', 15,  4, 2024),
    ('E010', 11,  1, 2024)
ON CONFLICT (emp_no) DO NOTHING;

-- 매출 (30건, 2024-11 ~ 2024-12)
INSERT INTO sales (emp_no, amount, sale_date, description) VALUES
    ('E001', 5200000, '2024-11-10', '대형 계약 A사'),
    ('E001', 3100000, '2024-11-22', '중형 계약 B사'),
    ('E001', 4300000, '2024-12-05', '대형 계약 C사'),
    ('E005', 2800000, '2024-11-15', '소형 계약 D사'),
    ('E005', 1900000, '2024-11-28', '소형 계약 E사'),
    ('E005', 3800000, '2024-12-12', '중형 계약 F사'),
    ('E009', 2200000, '2024-11-08', '중형 계약 G사'),
    ('E009', 1600000, '2024-11-19', '소형 계약 H사'),
    ('E009', 2900000, '2024-12-20', '중형 계약 I사'),
    ('E004', 2100000, '2024-11-20', '광고 캠페인 J사'),
    ('E004', 1800000, '2024-12-03', '광고 캠페인 K사'),
    ('E008', 3200000, '2024-11-25', '브랜딩 프로젝트 L사'),
    ('E008', 2700000, '2024-12-10', '브랜딩 프로젝트 M사'),
    ('E003', 1500000, '2024-11-30', '기술 컨설팅 N사'),
    ('E003', 1200000, '2024-12-15', '기술 컨설팅 O사'),
    ('E006', 1800000, '2024-11-14', '솔루션 개발 P사'),
    ('E006', 2400000, '2024-12-08', '솔루션 개발 Q사'),
    ('E010', 900000,  '2024-11-27', '유지보수 R사'),
    ('E010', 1100000, '2024-12-22', '유지보수 S사'),
    ('E002', 500000,  '2024-11-05', 'HR 컨설팅 T사'),
    ('E007', 700000,  '2024-12-01', 'HR 컨설팅 U사'),
    ('E001', 6100000, '2024-12-28', '연말 대형 계약 V사'),
    ('E005', 4200000, '2024-12-30', '연말 계약 W사'),
    ('E004', 3500000, '2024-12-25', '연말 캠페인 X사'),
    ('E008', 4100000, '2024-12-27', '연말 브랜딩 Y사'),
    ('E003', 2300000, '2024-12-29', '연말 기술 컨설팅 Z사'),
    ('E006', 3100000, '2024-12-31', '연말 개발 프로젝트 AA사'),
    ('E009', 1700000, '2024-12-26', '연말 계약 BB사'),
    ('E001', 2500000, '2024-11-01', '11월 오프닝 계약'),
    ('E005', 1300000, '2024-11-03', '소형 계약 CC사');
